opt_x,opt_y,outer_width,inner_width,center_x,center_y,outer_x,outer_y,inner_x,inner_y,curvature,ref_v
-0.6887847447327323,0.4334327034105217,2.081449111584731,0.39652627808799623,-1.1868537891147335,-0.6257450650431065,1.3926643668519985,2.5148818149952525,-1.0853110228207286,0.03690642532252547,0.721310091878117,4.028385543266377
-0.6371906908465985,0.3479801041628159,2.074309979251041,0.44118738018263104,-1.1351566449575043,-0.6425712474527971,1.4371192884044426,2.422290083413857,-1.0783780710292294,-0.09320727601981516,0.7043060003188658,4.034134540326086
-0.5796295952314898,0.2662323767003281,1.9803821227289111,0.48122701365762055,-1.0393923521513901,-0.6164613661854812,1.4007525274974213,2.2466144994292394,-1.0608566088891105,-0.21499463695729243,0.6768824085818719,4.045884436386669
-0.5168130665551453,0.18864237190270514,1.888884781580394,0.5316741220290232,-0.937011863053258,-0.5842841438243328,1.3720717150252488,2.077527153483099,-1.0484871885841685,-0.34303175012631804,0.613407738318072,4.0669888986201705
-0.4492286552100429,0.11491821650199896,1.7956762732499336,0.5902563402328603,-0.8273242941135581,-0.5452508582575372,1.3464476180398908,1.9105944897519325,-1.0394849954429033,-0.4753381237308614,0.5652730584187429,4.110735884736948
-0.3776408071418947,0.04522860525566872,1.7057206844978654,0.6548027095463129,-0.7142793910467236,-0.5028446848479419,1.3280798773559708,1.7509492897535341,-1.0324435166882076,-0.6095741042906442,0.5435843999724318,4.168252148326723
-0.3023829695050181,-0.020469037449688022,1.619629897586269,0.7211189624416027,-0.6004469523248422,-0.4594899862971772,1.3172469280812509,1.599160860136581,-1.0235019319466208,-0.7415879998912907,0.518952687326776,4.227487454297542
-0.22384874868038868,-0.08215242982485799,1.5325536330045397,0.783619454072886,-0.48639146380602116,-0.4155433043782558,1.308704884324151,1.4504012031796818,-1.0074682027532746,-0.865771883897744,0.49749659364893756,4.289818166411079
-0.14224996422042963,-0.1399223255012186,1.449123506973184,0.8404600267428544,-0.3754567222253796,-0.37429290286577416,1.3068735427527545,1.3092011814719655,-0.9827099909632839,-0.980382352244073,0.4785428743192057,4.353948803529189
-0.05806274296870469,-0.19367426020575937,1.3709522225331832,0.900947068045084,-0.26403394872840197,-0.3318397073469293,1.3128894795644785,1.1772779623274239,-0.9590098110137887,-1.0946213282508432,0.46000247593326615,4.418989166769341
0.028564697699785993,-0.2435341655124402,1.2989097671899763,0.9646794364350849,-0.1528328165275527,-0.2888822481336658,1.3274744648897623,1.0553756016775362,-0.9361147387352989,-1.2082136019475251,0.44234370581915106,4.485020084949697
0.11725457684435373,-0.2894881561129476,1.2341993339742028,1.0279523064476686,-0.04449622534109021,-0.24786759181974094,1.3514539108185566,0.9447111778612551,-0.9106977296033149,-1.3174404625606162,0.4251239288308596,4.5519040476854755
0.20787479672282466,-0.33166054417825586,1.1756277022523975,1.0897931160134353,0.061020105241931244,-0.20874756520860904,1.3835024989752223,0.8439671580741417,-0.8819183192906106,-1.4214536601916912,0.4089102858074875,4.619703590165034
0.30008923677050914,-0.37007300736726056,1.11082085793771,1.153949623814405,0.17160900132360213,-0.16347212074528278,1.410910094708219,0.7407478505704493,-0.8538603870438958,-1.5240226311816656,0.3935298909669439,4.68821223921008
0.3937930279688237,-0.4048484349035883,1.046084322151889,1.2201353350963369,0.28392202045663584,-0.11539871097957022,1.4398773501207127,0.6412358872483006,-0.8263423071275131,-1.6249837699999252,0.37883965477120507,4.757306261190775
0.4887008452844248,-0.4360374637136453,0.9904511064901549,1.2879871661552786,0.3931184524747743,-0.06925070202426076,1.4791519517745797,0.5544136427765096,-0.7992863208708538,-1.724024629868924,0.36441157579545175,4.826924956832435
0.5847233349505855,-0.4637620784134457,0.9391142176045463,1.357323097079379,0.5014661072127091,-0.02277659946930649,1.5238375525551318,0.4753521391911006,-0.7725997621287936,-1.8210851754928248,0.3506069199943309,4.89720284102141
0.6816204411449988,-0.4880963957750185,0.8825575625482971,1.4278844997114557,0.6134736891540786,0.02861527069407005,1.564178003693296,0.3944611667732786,-0.746264058566457,-1.915980895486474,0.3371597989546566,4.968083543906835
0.779317224105094,-0.5091599741514238,0.8301050137801885,1.4995578272099102,0.7243850187674077,0.08014641963914892,1.6094222378852825,0.32094503962876475,-0.7202406031048162,-2.008717801361334,0.324231789281188,5.0396335916240265
0.8776145063597405,-0.5270416897202813,0.7739134335667778,1.563905316423367,0.8338031946081648,0.13147509656815398,1.6515279399265181,0.24687174384649646,-0.6862908100636265,-2.090947006143648,0.31175240481255795,5.111827228791063
0.9764494004038633,-0.5418568504829607,0.7300113966858282,1.5997478731566452,0.9230929384373402,0.16393981299392812,1.7064607970896915,0.18815454620286742,-0.6232984727527819,-2.141604723639606,0.29960402176964585,5.184666302715348
1.0756590479562147,-0.5537038646805909,0.6956298783039222,1.6241290567563111,1.0020791132043017,0.1873976568858991,1.7712889262601368,0.14192601362333135,-0.5484700088000964,-2.177832921436902,0.2874698212789903,5.258203911135919
1.175189757426896,-0.5626981097331305,0.6565395542393218,1.6460233291359816,1.0823367661617778,0.21339283258176467,1.8317293116662177,0.09384144450619125,-0.4708335717090857,-2.2087214388691123,0.275678837230624,5.33264724978442
1.2749122683530412,-0.5689460010979408,0.6256357220377171,1.6709689447415796,1.160122745528452,0.23819361080296086,1.9005479903907583,0.05668972093977631,-0.3960566763885385,-2.23991494583952,0.2641595543858119,5.408017307525869
1.374781073656638,-0.5725599805154231,0.5935485221216678,1.69572578262381,1.23847916707939,0.2648086399933595,1.9683295957783056,0.020988541606244637,-0.320944708967172,-2.2682857631392332,0.2529012585295299,5.484366886079715
1.4746969106965726,-0.5736488614357119,0.5691730086543115,1.7160807060739047,1.3108023040580827,0.2866294179919407,2.0438699193508842,-0.004475852781400391,-0.24138379537733212,-2.2897295675096165,0.24182526049399963,5.561747822448412
1.5746195197180173,-0.5723228358591852,0.5388511192011116,1.739618470012437,1.3876934352646715,0.31422225747607013,2.1134706389191287,-0.03347171665807358,-0.1649989502944198,-2.3119413058716223,0.23098008124419092,5.640248912756859
1.6744781018736532,-0.5686910887086862,0.5118686667888545,1.7648078765863358,1.4637086558355672,0.34212406054439753,2.1863467686625078,-0.05682242191983178,-0.09032977471268255,-2.333498965295022,0.22030225460536798,5.71992567485109
1.774236899125579,-0.5628616698237995,0.471274481772907,1.7845063952189746,1.5437344062858234,0.375185121811134,2.245511380898486,-0.0915871880508925,-0.010269496093395558,-2.347368065042774,0.20977993983474097,5.800864465874832
1.8738499891837068,-0.5549424481350022,0.4517080685464362,1.8063889819398096,1.6142654512885402,0.39986923262918567,2.325558057730143,-0.10323437958856596,0.06746100724389725,-2.3613314300748116,0.19937640984126906,5.883153510739773
1.973285410047273,-0.5450401915399075,0.4338119295932127,1.8227093360293134,1.681091408241687,0.4219286074480966,2.407097339640486,-0.11122826194669477,0.15057607401795958,-2.367749527569221,0.18910102449676264,5.966898123790906
2.0725186173288432,-0.5332604189401821,0.42052953066597226,1.842471205424839,1.747230146043855,0.4443406279093425,2.4930481479948154,-0.1127308882742098,0.23004741190400413,-2.375731624365021,0.17891239788333338,6.0521944397265015
2.1715204619362987,-0.519709074472702,0.40404492621100785,1.8656550020628475,1.8165652688940692,0.47095050068956884,2.5755653881473064,-0.11566414826169413,0.30586545987345115,-2.3853640765355495,0.16881781225414974,6.139160457094893
2.2702864338874478,-0.5044884900773425,0.3973070323538344,1.8898043492309216,1.8813918753822676,0.49400441339987233,2.667593466241282,-0.10718145772350812,0.3804820846565262,-2.394292839308264,0.15878958795544632,6.227907491527632
2.368789907423668,-0.4877041114172591,0.3811497593585085,1.8997844393545682,1.9437122937098636,0.5154652842894003,2.7499396667821765,-0.10655435205875063,0.4690054680690996,-2.3874885507718275,0.14883251968418715,6.318562385545551
2.467042826067212,-0.46945473061070786,0.3810778010284346,1.909646134893588,1.997805579966183,0.5295568016272227,2.8481206270956467,-0.08837692958227328,0.5573966911736241,-2.379100865504296,0.13894277482576298,6.407832799581634
2.565021775488879,-0.4498451664680638,0.3645210415327092,1.923283529233287,2.0618921315947283,0.554458660616257,2.9295428170215883,-0.08532412493535457,0.6417382462555921,-2.3731286957013507,0.1291177839599207,6.495098114849551
2.662751679504473,-0.4289704300738602,0.36940831693420384,1.9357666056440623,2.1145549841071656,0.5686939293179991,3.0321599964386765,-0.05956211313965637,0.7269850738604104,-2.3647370357179227,0.1193830709767577,6.580454456226652
2.760210599015189,-0.4069344832211402,0.3535121173778396,1.9476694526448008,2.177183967141075,0.5936114260229106,3.1137227163930286,-0.05342236584330057,0.812541146370388,-2.354603935865941,0.11102733022552805,6.663990568156939
2.8574309259433686,-0.3838133188691199,0.35769649839440476,1.9583436516467891,2.2290390395978767,0.6084169171916323,3.215127424337773,-0.02611682047471514,0.8990872742965794,-2.342156970515909,0.10573711106598678,6.745788584535177
2.9543860878006787,-0.35966956444303394,0.3475143748242508,1.962860484965106,2.2848660989707668,0.6278382728489106,3.3019004626249293,-0.012155189618783147,0.9915256028355728,-2.32253004940814,0.10372875422188232,6.825924698305014
3.0510936466168723,-0.3345144802043568,0.35052097671117083,1.9632913123477251,2.331931991126713,0.6391279277160987,3.4016146233280433,0.016006496506814016,1.0878023342691472,-2.297805792552082,0.10881845664425434,6.904469746290447
3.147516934437425,-0.30831061184334047,0.3463015903663124,1.9650408008884162,2.3831280724797645,0.6552142993393816,3.4938185248037374,0.03799097852297195,1.182476133549009,-2.2733514127317567,0.11477600789097982,6.906577756509893
3.243634329552235,-0.28100089694478825,0.3611176117903124,1.9639884956389713,2.423252606700447,0.6609349934519353,3.6047519413425473,0.08011671484552413,1.2796458339132637,-2.2449893925837596,0.12262036650421676,6.8120400518048125
3.3394197389037137,-0.25251254423880604,0.36276441383831975,1.9667938320683478,2.471724578566871,0.675758436995611,3.7021841527420336,0.11025186959951372,1.372625906835366,-2.219306376307154,0.13083865132852662,6.719478879907005
3.4348178859098115,-0.2227756825395198,0.3800763858651418,1.9652141500889686,2.5099778250668194,0.6811810408421535,3.8148942717749534,0.15730070332562202,1.469603735820843,-2.1879898326284883,0.1399208773775856,6.629339390888168
3.5298008934107887,-0.19170458358274242,0.3819471969829205,1.9660941729809,2.556973934704384,0.6962211962076186,3.911748090393709,0.1902426134001781,1.5637067204298887,-2.1577987565636425,0.14880302315207564,6.541355578834024
3.6243050250188054,-0.159227034986618,0.39259823899750523,1.9705629085399003,2.6011348472806004,0.7093688172778885,4.01690326401631,0.23337120401088723,1.653742116478905,-2.1297899435265184,0.15724262355240803,6.455101506877692
3.7182873728474894,-0.12526843173096916,0.40105242398862384,1.952779200438906,2.635007074648886,0.7132291723596564,4.119339796836114,0.2757839922576547,1.7655081724085835,-2.0780476321698753,0.1657296058463787,6.370471063704928
3.8116950276786263,-0.08975785186805306,0.41764316545746083,1.9358764061261355,2.6649641341736503,0.7142376944003108,4.229338193136087,0.32788531358940776,1.8758186215524908,-2.0256342579941884,0.17419542460835155,6.287312586311286
3.904467620996827,-0.052627819429261403,0.4488795489970016,1.9029719194272665,2.679279995713546,0.7007322755005018,4.353347169993829,0.3962517295677402,2.001495701569561,-1.9555997388565278,0.18271000885964955,6.2055170150084
3.996551780615619,-0.013808000875856862,0.4534306515910216,1.8640305682732208,2.703575848648909,0.6983959579031712,4.449982432206641,0.4396226507151647,2.1325212123423984,-1.8778385691490775,0.1913215473829411,6.1250032905705405
4.08787181500524,0.026763016509915853,0.477870667428823,1.8233540168731535,2.7166775822247855,0.686123182977123,4.565742482434063,0.5046336839387389,2.2645177981320863,-1.7965910003632377,0.20003711750164868,6.045691984346412
4.178368983732801,0.0691543855258991,0.5190407537818837,1.780884000019336,2.7201061149851267,0.6654988158816757,4.697409737514684,0.5881951393077829,2.397484983713465,-1.7117296144934369,0.20883969990226003,5.967489744496038
4.267952984717485,0.11342080036935977,0.5303867473471244,1.736580204513515,2.7370732209419373,0.6598071287678752,4.798339732064609,0.6438075477164842,2.5313727802039696,-1.6231594041441553,0.21776745080341373,5.890322404805629
4.356561706513521,0.1596310256484354,0.5616429842121986,1.690393336098318,2.74265602919982,0.6441906887672775,4.9182046907257195,0.7212740098606341,2.6661683704152024,-1.5307623104498826,0.2268234840574794,5.814113169204964
4.4440904568582535,0.2078324206817675,0.6098116471998829,1.642301927359486,2.7382903685089284,0.6201613504206853,5.053902104058136,0.8176440678816503,2.8017885294987677,-1.4344695066777187,0.23602840090119265,5.73879239459132
4.530467765739896,0.2580905912062117,0.6567442798685494,1.59325137424858,2.7334874300599634,0.5972988427931212,5.187212045608446,0.9148348710747611,2.937216391491316,-1.3351607830423684,0.2454111573100265,5.664301934684793
4.615576978292585,0.3104460450156878,0.6802538335525958,1.546891295009308,2.7411072198746487,0.5885417532362001,5.29583081184518,0.9906998785682837,3.0686856832832765,-1.2364452499936203,0.2549799773705535,5.590582447726982
4.699333009316489,0.36495858477361653,0.719332453105182,1.5034020108281991,2.741701283519753,0.5745140712483168,5.4186654624216715,1.0842910378787987,3.19593099848829,-1.1384434260545826,0.26475623352792255,5.517580321033842
4.781609421902512,0.42166237658842093,0.7716684466449557,1.4629875505731014,2.7364642629153284,0.5564907402582833,5.553277868547467,1.1933308232333766,3.3186218713294102,-1.0413251739846805,0.27474579405742894,5.445238141294058
4.862303681120376,0.480607783596378,0.8307651813886215,1.4244155195932025,2.7279770096624785,0.5371290609004795,5.693068862508998,1.3113729649849994,3.4378881615271735,-0.9438077359968244,0.2849799410047457,5.373508277523352
4.941282552170828,0.5418240757819847,0.8925967391605079,1.3726048063371346,2.7106453096737275,0.5109160714793056,5.833879291331336,1.4344208149424924,3.5686777458336936,-0.8307807305551499,0.295467661802611,5.302339774555175
5.018420126204345,0.6053459765054358,0.8776093861360936,1.3236709688931714,2.732240854480711,0.5257037796312568,5.896029512340438,1.4829553626415293,3.6947491573111733,-0.7183249923877356,0.3062748449807506,5.2317090723589255
5.093579508879121,0.6712006348983701,0.8539872224036827,1.2778912185886813,2.7587417525320594,0.5475523155416844,5.947566731282804,1.5251878573020528,3.81568829029044,-0.6066905836903111,0.3173629049947093,5.161562590992808
5.166606000087325,0.7393993784515236,0.8304554846826827,1.2355644718131127,2.785857493608877,0.5722541827909768,5.997061484770008,1.5698548631342062,3.931041528274212,-0.4961650933615891,0.3288159281030836,5.0918816416119945
5.237361827729054,0.8099701928194704,0.8067515690914943,1.1969849432602253,2.8137976009488925,0.6001017834941007,6.044113396820548,1.6167217619109646,4.040376884468829,-0.38701475044075495,0.34065559200537554,5.022649199859111
5.305659522583296,0.882892550345491,0.795247786814894,1.1360198627772948,2.8232157992728486,0.611832313153946,6.10090730939819,1.678140337160385,4.169639659806001,-0.25312731243180386,0.3529838368985363,4.9538919816102185
5.3713604929063905,0.9581988093907097,0.7792249450403466,1.0767558892182263,2.8344457185421352,0.6278648767842947,6.150585437946737,1.7374237544310562,4.294604603688164,-0.11855707982751662,0.3658241427291615,4.885640543798762
5.434241715985406,1.035827602277257,0.7722349080432996,1.020715136730196,2.8413609723361515,0.6421539154820766,6.2064766240287055,1.8080625103205565,4.41352657925521,0.015112465547060916,0.3792817009246087,4.8179719390379
5.494160160709907,1.1158159924710693,0.7529519310016302,0.9683743828775744,2.8547913062929253,0.6656192221735068,6.247112091711537,1.8687679234726995,4.525785777832333,0.14744160959349495,0.3933516472687519,4.750955681563782
5.550860199334951,1.1980559642564137,0.7505866252893034,0.9203702914125106,2.860321932729079,0.6839198151898104,6.3014468246242545,1.9486425895457171,4.630489907922441,0.2776856728439031,0.40807051585219595,4.684675292726848
5.604187984309241,1.2825843259505234,0.7517304077708973,0.8773054659946773,2.8648815212665104,0.7040796920871517,6.355918392080138,2.0343147337214207,4.7268825183145635,0.4052788599558461,0.4240844890919847,4.619537324145899
5.653856743737656,1.3692443868188908,0.7524673970427216,0.8305885837098619,2.8659889652023978,0.7236827867430156,6.406324140780377,2.1217117838616124,4.823268160027794,0.5386558031090289,0.4411407597852674,4.555846923965409
5.699683483142857,1.4580579963082283,0.7651608616625689,0.7676047835884962,2.851063702534392,0.7302509591170777,6.464844344805425,2.223218857970797,4.932078699554361,0.6904532127197321,0.4587301313354737,4.493682206032368
5.741369070349295,1.5488280662145943,0.7741073222920395,0.7014362078018191,2.8343489779295377,0.738078475862187,6.515476392641334,2.3229353885066337,5.0399328625474755,0.8473918584127752,0.4768814063543723,4.433146256039936
5.778696029021991,1.6415227961432577,0.7971611509462785,0.6400010830122735,2.810767980543993,0.7421813641046264,6.57585717996827,2.4386839470895363,5.138694946009718,1.0015217131309841,0.49920853481141186,4.376110867540771
5.811343620116773,1.7359334930166481,0.8358561915833965,0.5848181482429298,2.7801527883881527,0.7424477248380907,6.64719981170017,2.5717896846000445,5.226525471873844,1.1511153447737184,0.5229970738184175,4.323346992189534
5.839024318551631,1.831934177909238,0.865027347127175,0.5375730315476677,2.7557850014860614,0.7522399311648653,6.704051665678806,2.696961525036413,5.301451287003963,1.2943611463615703,0.5436781006076099,4.2735700000479575
5.861451250753857,1.929300434183326,0.9028687892228048,0.48367991196947874,2.7211311867502657,0.755055778465,6.7643200399766625,2.832169223406131,5.377771338784378,1.4456205222138472,0.5650667231603747,4.227214708914974
5.878337588063173,2.0277078444492864,0.954489234871579,0.4406160937701527,2.6822322234808738,0.7569173516739301,6.832826822934752,2.9821970793208656,5.4377214942930205,1.5870917506791338,0.586455490786346,4.184472666366877
5.889445713854624,2.1270518690595095,1.0108377256718195,0.39133167003562586,2.634969829109215,0.7537729067116579,6.900283439526444,3.137889594731329,5.4981140438189975,1.7357201990238837,0.6079939634012095,4.145676169239202
5.894457560184295,2.226639809753541,1.062420220511933,0.35735366610521757,2.59469550288879,0.7607866276734128,6.956877780696228,3.289060030265474,5.537103894079077,1.8692861436483237,0.6524101023023452,4.121966117217047
5.892969901925063,2.3266984092347194,1.1257670740167343,0.34300505110159984,2.5551039395049644,0.7719681931597926,7.018736975941797,3.4524654832514536,5.549964850823463,1.9836933581331195,0.6890744173782931,4.1119008817346465
5.8846661146334664,2.4260856997930005,1.198595094445964,0.35054521642439646,2.5183081183059493,0.7890179108857165,7.0832612090794305,3.6246807942389645,5.53412089820907,2.075540483368604,0.6986578053690032,4.10476484327963
5.869391845250856,2.524983440659795,1.2784146007644268,0.3785559262109043,2.484766585348667,0.8125623830531363,7.147806446015283,3.803398041424222,5.490835919039952,2.1464275144488907,0.7127547029277637,4.103180075992621
5.847226182650439,2.6221870009260844,1.3587451227380551,0.40631436375476726,2.4473977118335757,0.8348781209713982,7.205971305388494,3.9809321236641395,5.440911818895671,2.215872637171317,0.7078058358048531,4.101594696385928
5.818130922414929,2.7179723377640683,1.4360733161386903,0.4231584069736509,2.402608006624945,0.8525287142995144,7.254204238553619,4.154045653902759,5.394972515441278,2.2948139307904176,0.6976363200690829,4.102264414619939
5.782540213149181,2.8112216256141633,1.5197114084976704,0.45524306516081464,2.3590359349061627,0.8733766411386539,7.302251621646851,4.330933034111833,5.327297147988366,2.3559785604533485,0.6849847421888948,4.107004878321977
5.74052744727593,2.9020597170075084,1.6086865329981717,0.49542867608419655,2.3136347951809775,0.8944009300467667,7.349213980274102,4.51074625000568,5.245098771191734,2.406631040923312,0.6802843317152523,4.11626020345611
5.692550089298678,2.989694053233002,1.701391293643002,0.5326245542023303,2.261891674929003,0.9104636568961653,7.39394138294168,4.6910853468760045,5.159925535096347,2.4570694990306716,0.6490746324292765,4.126153892629968
5.639008546934294,3.0740084525691973,1.7968792637910929,0.5793279019902912,2.2107285925667464,0.9282285453841977,7.4358878107253865,4.87088771636029,5.059680644944002,2.4946805505789063,0.622539619419987,4.1474976504288
5.580385271075835,3.154746084543684,1.8375857218793543,0.6334225634289611,2.188111056312721,0.9752914630466454,7.41797099295519,4.992331806423039,4.9469627076468745,2.5213235211147227,0.6040410874255597,4.176901629265405
5.516828290584439,3.232014311200718,1.8008744701236596,0.6933520343775528,2.2046529274191657,1.0622459377273055,7.317702760708098,5.0328887813243774,4.823476256206886,2.5386622768231653,0.5769631779309027,4.210122921500639
5.449024512012721,3.3054024239207824,1.7081551952771044,0.7575551201545744,2.2492122184450953,1.1774011743991264,7.157179707289825,5.013557619197886,4.6914693918581465,2.547847303766208,0.5370309227855948,4.250392198278937
5.377323982462306,3.375085783299584,1.618545315442524,0.8252153907697475,2.2919970288947646,1.290877929313404,6.99586929790483,4.993631098742108,4.5521085916925585,2.5498703925298365,0.5099761696087483,4.302459908435144
5.302171279373581,3.4410289930137274,1.5327945448875848,0.8910815442660336,2.330229139376015,1.3996579961960882,6.8349658242611655,4.973823537901312,4.411089735107547,2.5499474487476936,0.4783501968967608,4.359866835931751
5.224085726843547,3.5032061612175913,1.4517693177957698,0.9556570667536283,2.3639867379007025,1.503546955087725,6.675855044639317,4.9549754790133616,4.268428660089919,2.547549094463963,0.44582874723896454,4.424341084913444
5.143218795353278,3.56186336452946,1.3760839010180448,1.022813772125605,2.394974333230419,1.6042966178185103,6.519302696371323,4.937947265547505,4.120405023227674,2.539049592403855,0.4424826111079698,4.49597549769378
5.059801834646274,3.61691165887515,1.3068324408244227,1.0919900432954546,2.4224797185586526,1.7010346306730908,6.366634275470696,4.923744099699572,3.9678117913508197,2.5249216155796956,0.43839910916701197,4.56167574618648
4.974076966200753,3.6682672466794424,1.2416485085263675,1.1627148382648649,2.4475716479696255,1.79466678820897,6.215725474727121,4.90991575520581,3.8113621279358885,2.5055524084145775,0.41766991840328865,4.6225396503119125
4.886297404182428,3.7159920305174854,1.1740416992953748,1.2347171498339955,2.473486427360524,1.8883337405280531,6.060339103477803,4.89003372981286,3.651580254348432,2.4812748806834897,0.3993802664774106,4.686787317581258
4.796656768907671,3.7601773178108298,1.1106989187621246,1.2995842684905476,2.492771059318047,1.9745313337696264,5.907355687669796,4.870876236572954,3.497072500417124,2.4605930493202823,0.3890361124900885,4.753312733318691
4.70540158774866,3.80082992582146,1.0438832219171563,1.363570499061723,2.512544432446613,2.0602586014830138,5.7492848096658165,4.8447131477386165,3.341831088686937,2.437259426759737,0.3783323823317294,4.818514940430888
4.612647821035218,3.838019352573452,0.9845267513713543,1.428954723416498,2.5285378965401812,2.1412236623092977,5.597174572406573,4.822546103944806,3.18369309761872,2.409064629156954,0.3653746726181124,4.882914264137415
4.518614684492267,3.871791530452396,0.9263114759209209,1.4955288734168455,2.543916040994096,2.2205044639741605,5.444926160413187,4.798103006373317,3.023085811075421,2.376262657035551,0.3533278997546677,4.947892474473082
4.423421677045409,3.902229972166809,0.8709112953980553,1.5631724101287137,2.557841395888034,2.2972455434487333,5.294332972443465,4.773141267564864,2.8602492669166955,2.3390575620380956,0.34251260891988194,5.013205688544211
4.327278420531013,3.9293828171054845,0.8207500601682196,1.6186144011843289,2.5625713807735613,2.363623579060797,5.148028480699233,4.750132877273704,2.7086640193466844,2.3107684159211557,0.33194952961017615,5.078454681953546
4.230252497602907,3.9533413935403208,0.7693389445425934,1.6751214750673131,2.568017514063813,2.42956196203252,4.9995914421455,4.722680338082914,2.555131022535593,2.278219918473008,0.32119633680903803,5.143737557202426
4.132540691541459,3.9741666309520247,0.7311143548989363,1.7141967496414838,2.5578115431420034,2.4786245128472864,4.863655046440396,4.705280985850961,2.4183439418999755,2.259969881310541,0.31080726011661014,5.209361081944469
4.034193124264222,3.991953997676238,0.6911516117849412,1.7419825707724919,2.542512041625886,2.521392478331894,4.725344736049164,4.68310560946118,2.2922105534917305,2.2499714269037465,0.30061214490802085,5.275325352307941
3.935393977414759,4.006773514684701,0.6585067376722221,1.7568057757446265,2.5168465077435815,2.552536276378553,4.593900715086981,4.665280252356923,2.1785882016701326,2.2499677389400743,0.2906671976027644,5.34171136287614
3.83616548520424,4.018721838978453,0.6279051657383632,1.7687553396463847,2.4885078295561307,2.5797860064432374,4.464070650942603,4.646627004716816,2.0674101455578553,2.2499664993320687,0.2811622171547355,5.408560434824351
3.736681970170787,4.027873885460649,0.5914953103607433,1.7779071166284037,2.4615468882192237,2.607142845864155,4.328177280531531,4.619369195821393,1.9587748535423835,2.2499667688322456,0.27188423135417766,5.475804783283397
3.636943290736226,4.034322685693894,0.5644632718876351,1.784354164484147,2.4284170916663688,2.627106789145203,4.201406562623861,4.598785957581529,1.8525891262520788,2.2499685212097473,0.2627872397116018,5.54348770633725
3.537113529260266,4.038148624868948,0.5280346848458384,1.788177924257663,2.398628384336045,2.649145932140386,4.065148214106104,4.566183309714787,1.748935605002603,2.2499707006112852,0.2538497928753024,5.611670151824147
3.437174795156631,4.039442019231758,0.5057421319808555,1.789468661415663,2.3604506622957193,2.6615842743332827,3.942916927137486,4.545184151212613,1.647706133740968,2.2499733578160948,0.24486824878629868,5.68041754517118
3.3372778932536233,4.038290242108493,0.4744146210775829,1.7883146061120918,2.3255889391440663,2.676095113571501,3.8116925143312064,4.512704863186076,1.5489632871415315,2.2499756359964014,0.2360103840310015,5.749902681063734
3.237392006203648,4.034781528721743,0.455935418455399,1.7870762461675833,2.284266416957916,2.6829611782169636,3.693327424659047,4.490716947177141,1.4503157600360648,2.2477052825541595,0.22718651665219125,5.820194522163403
3.1376551757167803,4.029008716191877,0.43021350022924665,1.7891549169593546,2.248298296223444,2.6939750664609923,3.567868675946027,4.459222216421123,1.3485002587574257,2.239853799232522,0.21845984578123814,5.891408687858859
3.0380240223162494,4.021056416254317,0.4290855265373714,1.7946265968044055,2.2017825462916414,2.693298743260675,3.467109548853621,4.450141942791689,1.2433974255118438,2.2264298194499115,0.2099253252479904,5.963618842406758
2.938625624383069,4.011020395313656,0.40988224362801856,1.8035377922896263,2.166140586522338,2.7023379719876317,3.3485078680110876,4.420902638941675,1.1350878320934426,2.2074826030240295,0.20146583435695564,6.036839220699891
2.839405352340378,3.998980005288627,0.4069902601035713,1.8159253157028126,2.12417020396981,2.703957530443934,3.2463956124439495,4.405970265392198,1.0234800366375654,2.1830546895858145,0.19310200277833686,6.111151796363288
2.740479520670529,3.9850335024083727,0.39447338177874425,1.8313404929999841,2.0886733159458846,2.7109503068148064,3.1349529024492733,4.379506884187117,0.9091390276705449,2.1536930094083884,0.18478629546627243,6.186623090217946
2.6417847134959906,3.9692557844471628,0.3841448589497125,1.840719021865956,2.0491794382061173,2.7129149736817033,3.025929572445703,4.353400643396875,0.8010656916300347,2.1285367625812066,0.17654046286829217,6.2633463831576375
2.543426268372775,3.9517470718943413,0.3723621462024645,1.8518964599400165,2.0114802910551637,2.715640692815947,2.9157884145752395,4.3241092180968055,0.6915298084327584,2.0998506119543245,0.16832678368448833,6.341399343081032
2.445333779839213,3.9325780944684596,0.3689656950684376,1.8540908737351638,1.9652294792529696,2.708851636567593,2.8142994749076506,4.301543789536897,0.5912429061040492,2.0784872207332956,0.160182238735957,6.4208817955826
2.3476025646622842,3.911850369276769,0.3572183403330249,1.8595476795551862,1.9249659519422229,2.707089854249465,2.704820904995309,4.269068709609794,0.48805488510709805,2.052302689721583,0.15205755527736592,6.501868937123037
2.2501562667279624,3.8896306380675516,0.3608041077019556,1.8688319252312608,1.879092042128634,2.6988292277984285,2.610960374429918,4.250434745769507,0.3813243414967016,2.0207987128362905,0.14396580289355204,6.584467081660721
2.153080125961726,3.8660211976773233,0.35107122040414934,1.8738540230328582,1.8379314642952176,2.694402000153016,2.5041513463658753,4.217092418081473,0.27922610292886785,1.9921671746444651,0.13587842593357838,6.667918737965733
2.056300199540937,3.841081827936115,0.3586368887885921,1.87620654991453,1.7869349303334372,2.6793257445310266,2.414937088329529,4.199718716724707,0.18009364962640695,1.9648752780215852,0.13102335644031501,6.749636051236636
1.95988355585006,3.8148852802176534,0.3459154112241089,1.8825606288243242,1.7482643867251377,2.6757652489089345,2.305798967074169,4.160800691441763,0.07732292702573584,1.9323246513933292,0.12616505999968122,6.829694947109181
1.8637908644174375,3.7874508306347723,0.3552369737051233,1.8871179422902764,1.6978359165012953,2.659665899609963,2.2190278381225608,4.142687804339896,-0.02332707787283894,1.9003328883444959,0.13321028768384555,6.885834532855102
1.7680820488987117,3.7587427974990724,0.34900490504158727,1.8916814994528317,1.6553793216549781,2.6507096959551584,2.1170869539402988,4.107747702540659,-0.12359945055412003,1.8670612980462407,0.1402369663009067,6.802773671097257
1.672778842245632,3.7286938716578915,0.36966923015791264,1.8976863484847768,1.600397980286248,2.6283554949923777,2.0424480724035448,4.098363101815804,-0.2249075062391448,1.8310075231731147,0.1476461033963486,6.721432672249392
1.5779318800180882,3.697242979704452,0.36999427470774177,1.8952040556155474,1.551570830462947,2.6112263803061286,1.94792615472583,4.067237254412194,-0.31727217559745924,1.8020389240889045,0.15507943466437937,6.641724971649638
1.4835775637965014,3.6643252177657817,0.3915768114233618,1.886827966026397,1.4894143591997682,2.5797881861844085,1.8751543752198632,4.055902029189143,-0.4032504022298955,1.7774972517393848,0.16179061858613872,6.563059119001729
1.3897767008822337,3.6298895719825435,0.4005244739301968,1.8805585758325443,1.4349054013922906,2.554961836942445,1.7903011748124305,4.030414045912741,-0.49078187495031056,1.7493309961499992,0.16858605147469566,6.485376541401012
1.296555023145401,3.5938731448207446,0.41051663913551295,1.8696301348844044,1.3778342594471464,2.526493320284818,1.7070716622809141,4.004389783956258,-0.5730751117390034,1.7242430099363402,0.17541746129424785,6.4085840115948844
1.2039985674320253,3.5562361172904646,0.4201277977866992,1.8622536426541227,1.3230622061497244,2.4991809810789443,1.6241263652187246,3.976363915077164,-0.6582550752220975,1.6939824746363419,0.18235762424653146,6.33263243108846
1.1121187639498737,3.5169080404929804,0.4365206215183898,1.8492534654162596,1.2624258039238716,2.464820442195425,1.5486393854682636,3.9534286620113703,-0.7371347014663858,1.6676545750767209,0.18947885197241368,6.257516261218664
1.021029745912465,3.4758607153692433,0.4474952064455683,1.8389535364911378,1.2062440379790174,2.4336595227074067,1.4685249523580333,3.9233559218148115,-0.8179237905786727,1.6369071788781056,0.19672837898357617,6.183193239261683
0.930730769094221,3.433014262780604,0.4699144662213541,1.8320815534044659,1.1464489281386663,2.397590674981858,1.4006452353155752,3.902928729001958,-0.9013507843102448,1.600932709376138,0.20408530236750302,6.109604116916327
0.8413636627253225,3.388354820284438,0.48304424040683225,1.8223252796838718,1.090322351001181,2.3638179297807387,1.3244079031321547,3.87139906069127,-0.9809616169585493,1.566029540600566,0.21158817528590784,6.0367094681414395
0.7529174109826243,3.3417932847324336,0.5110396945204587,1.8007536860617703,1.021315701261968,2.315753638136872,1.2639571055030832,3.8528329792528924,-1.047836275079146,1.5410395986706633,0.21904365082554952,5.9643450383591885
0.6655586864318412,3.29333313047228,0.5423814890756485,1.7786873163559873,0.9509322568560898,2.2648194788763094,1.2079401755074897,3.835714619547929,-1.113128629924146,1.5146458141162928,0.2266718697123133,5.8924739671420285
0.5792696621554594,3.24287731126242,0.5603724851308357,1.759770302522562,0.889333739773593,2.2211375643270728,1.139642147286295,3.8032497963932554,-1.1805006403671026,1.483107008739858,0.23440229210470098,5.821010429948829
0.49423941517605835,3.190447021547168,0.5316857852399388,1.7281992450274608,0.8453764374817903,2.193480240667345,1.025925200415997,3.7221328067871067,-1.2339598298514025,1.462247776519707,0.24234501551160806,5.7499270841634855
0.410448033235317,3.135936688982776,0.48735453303961385,1.6862711054764679,0.8046823028360856,2.167426630709815,0.8978025662749308,3.62329122202239,-1.2758230722411508,1.4496655835063084,0.25046452202771996,5.679168440743664
0.3281053509445502,3.0793862332860003,0.45871781249638344,1.630115512550525,0.7497515254993459,2.125391966670071,0.7868231634409336,3.538104045782384,-1.3020101616059747,1.4492707207354754,0.25883655979984116,5.608715344400841
0.24719420215028864,3.0206823785183006,0.4534581323549978,1.5760256728549797,0.6848808713251353,2.0716249595091414,0.7006523345052864,3.4741405108732986,-1.328831470704691,1.4446567056633208,0.26743483427593284,5.538525434341008
0.16793994228552406,2.959882682383234,0.4600413235042186,1.5242684673234836,0.6160835430523945,2.0120549131012493,0.6279812657897427,3.4199240058874523,-1.3563285250379595,1.4356142150597502,0.27631041678485885,5.468576637404333
0.0903361311410146,2.8968703176855968,0.48265226765959496,1.4749681951076226,0.5413260292945211,1.9445931225668125,0.5729883988006096,3.3795225853451916,-1.3846320639666079,1.4219021225779742,0.2855343444481059,5.398878326788042
0.014619468039435384,2.831719020655136,0.5261224012420558,1.4234283069845226,0.4559626868909511,1.8645124631988015,0.5407418692814911,3.3578414218971915,-1.4088088389450872,1.4082907136706133,0.2950885888198585,5.329421259187105
-0.05919888268428341,2.764312554954148,0.5581727379230749,1.3655833785207054,0.37410587895667363,1.7858615977758892,0.49897385523879145,3.322485292877223,-1.4247822612049887,1.3987291764334424,0.30496920158769486,5.260184416493272
-0.13087477086062765,2.6947403207029375,0.5913402215200741,1.3013081144298375,0.28954656102456783,1.7023541068063506,0.4604654506594465,3.2860805422230115,-1.4321828852904652,1.3934322062731,0.31521991433383273,5.191160309173667
-0.20037422172758076,2.6228927363614476,0.6412424382691803,1.2391518346062118,0.19876758730472538,1.6104010663492396,0.44086821654159947,3.2641351746306277,-1.4395260563337926,1.3837409017552358,0.3258747459098776,5.1223493547442756
-0.2674498614790305,2.5488725151644704,0.6960436204059682,1.179524655311069,0.10801558671303513,1.5161767750347857,0.42859375892693774,3.244916135570439,-1.4469745167900996,1.3693478598534015,0.3369064589378853,5.0537263439679805
-0.3320384724307357,2.472585813305071,0.7496912076066378,1.1227165328385211,0.020493426400573833,1.4228055692684771,0.41765273517590207,3.222277020911709,-1.4547550052692568,1.3498692804665497,0.3482587053613193,4.9852230726432305
-0.39389428663883425,2.3941471771208183,0.814671313017073,1.0661277514915266,-0.07121892408219027,1.322801807797636,0.4207770263782387,3.208818490137891,-1.4600220381303608,1.3280194256292916,0.36017798167912246,4.916885452137321
-0.45292007153982233,2.3134879149820975,0.8885753342832455,1.0017999304301652,-0.16984773769645128,1.2133562555645085,0.4356552627434232,3.202063249265343,-1.4547200019699875,1.3116879845519323,0.3728445164179643,4.848842696860418
-0.5088726501233722,2.2307261120338047,0.9620461266377467,0.9406433315650548,-0.2651377225980321,1.1046616584805564,0.45317347651437445,3.1927722386715516,-1.4495159816884269,1.29008278046875,0.38590528996909124,4.781035760748494
-0.5616153554108639,2.1458314729670374,1.0303793322616952,0.8832372829015219,-0.3543787023855186,0.9993447118034321,0.46876397685083127,3.176210805228733,-1.4448526383123859,1.2625941900655153,0.39947385016613707,4.713446601202793
-0.6109046832995477,2.0589392717942334,1.1060767160078666,0.8303911891448464,-0.44329510508128395,0.8916268724656067,0.4951720327083189,3.1650159878021,-1.4412958724443943,1.2285480826493869,0.4141720859044873,4.646355868811988
-0.6565694321461166,1.9700564164822878,1.1876933918268413,0.7774931531942754,-0.5333848353893413,0.7799280889248609,0.5311239596807247,3.157749808309129,-1.434062585340392,1.1925632632880125,0.42978323045083594,4.579941430160068
-0.6983680065628656,1.8793115193388008,1.2550990528980843,0.7155698750336099,-0.6189485922136699,0.6698911707371632,0.5567310463352187,3.1344105722368854,-1.4139378815964756,1.163741644305191,0.4465340770457427,4.514495478119348
-0.7360814020397308,1.7867776791722587,1.3295803734161458,0.6590965147323383,-0.7032826303617692,0.5581469102442257,0.5934989713764149,3.1163580525884047,-1.3951779167720693,1.1276811644399203,0.4656742743354835,4.450937546019631
-0.7694480666806891,1.692590691812362,1.4099809260075122,0.6095581994685807,-0.7849353966098103,0.4460839826367152,0.6405328593268231,3.1025716178198746,-1.3790062661492697,1.0830324923437815,0.48566604301104316,4.389520827509014
-0.7982020171818057,1.596906880575727,1.495278430195496,0.5687044967897625,-0.8623879752937695,0.3351664735849966,0.6970764130136903,3.0921853107712227,-1.3669065139715681,1.0282023837859644,0.5064672850219814,4.330514824867741
-0.8220820138787452,1.499879719983132,1.5846064184583637,0.5384090714402041,-0.9341396804484524,0.2268411864824863,0.7625244045796185,3.0844861384414957,-1.3604910853189494,0.9614706485429279,0.5259157881079215,4.27320374821821
-0.840827784313668,1.401751459267561,1.6771560349372037,0.5180362541592559,-0.9999737825458079,0.12131583924480671,0.8363282506235357,3.0789074942047647,-1.358864038472924,0.8837152051083051,0.545259092447267,4.217405942801239
-0.8541956956670756,1.3027482907878543,1.7722604269513487,0.49247618218325717,-1.0669899702175836,0.011482023009881326,0.918064731284273,3.0750087177392027,-1.3466718778503328,0.8102721086045971,0.5736941986393816,4.1672458766473826
-0.8618686180562617,1.2031457833641286,1.869330118583878,0.4561974316080111,-1.1375006525160642,-0.10499345180586916,1.0074615005276164,3.072475901948007,-1.3180660496642727,0.7469483517561175,0.6064951121285149,4.125191353369664
-0.8635075139347943,1.1032665888311926,1.967828999955788,0.424569521867141,-1.2033834960117207,-0.21999644462872725,1.1043214860209938,3.0710955887869806,-1.2880770358019353,0.6786970669640515,0.6265125308581362,4.086154643875188
-0.8588908034666208,1.0034500255369596,2.0283103982047828,0.38793989669148315,-1.2496306524899603,-0.31846023798817,1.1694195947381618,3.0317604237417424,-1.246830700158104,0.6155101288454765,0.6448539296857674,4.049594485011158
-0.8478310799997542,0.9041269130471271,2.0149844450936176,0.3681296789127355,-1.2473429230903181,-0.37136392656687756,1.1671533650938635,2.9191113581407446,-1.2159607589124897,0.5359972341343916,0.6850959271673754,4.02586280167441
-0.8300065919601589,0.8058389597056288,2.0133956635359973,0.34625606977233997,-1.248573092861908,-0.43065031702901424,1.1833890715758384,2.819234623241626,-1.176262661732499,0.45958288993328883,0.7343965809426011,4.021213484933637
-0.8051276393913112,0.7092904853575999,2.018234351165654,0.34393726036624384,-1.2397123650953605,-0.48250330272090514,1.2131067117743428,2.727524836523254,-1.149064899757555,0.36535322499135603,0.7426811393923717,4.0196609751484695
-0.7730493050974214,0.6144970316968634,2.0274878552619984,0.3503169769598458,-1.225110091699787,-0.5313369233026446,1.254438550164577,2.641984886958862,-1.1233662820572672,0.2641800547370176,0.7347389332397118,4.018107865507217
-0.7342344134716012,0.522580390339172,2.0487208885823276,0.3640178023928704,-1.2094687498305292,-0.5810613479251425,1.3144864751107264,2.5713012789214997,-1.0982522158644716,0.15856258794630163,0.7177398163126977,4.0199747483684245
-0.6887847447327323,0.4334327034105217,2.081449111584731,0.39652627808799623,-1.1868537891147335,-0.6257450650431065,1.3926643668519985,2.5148818149952525,-1.0853110228207286,0.03690642532252547,0.721310091878117,4.028385543266377
